               epoch,      train/box_loss,      train/obj_loss,      train/cls_loss,   metrics/precision,      metrics/recall,     metrics/mAP_0.5,metrics/mAP_0.5:0.95,        val/box_loss,        val/obj_loss,        val/cls_loss,               x/lr0,               x/lr1,               x/lr2
                   0,            0.056307,           0.0093175,            0.028404,           0.0011751,             0.15197,           0.0011458,          0.00034456,            0.042328,            0.010036,            0.026111,           0.0011456,           0.0011456,            0.033246
                   1,            0.035672,           0.0098761,            0.024477,             0.97225,            0.022185,             0.02136,           0.0086743,            0.029179,           0.0096114,            0.022621,           0.0022943,           0.0022943,            0.016444
                   2,            0.029629,           0.0089138,            0.021463,             0.01564,             0.12325,            0.037283,            0.018552,            0.025014,           0.0083947,            0.020436,           0.0031997,           0.0031997,           0.0031997
                   3,            0.026572,           0.0079679,            0.019843,             0.93975,            0.039977,             0.04775,            0.025818,            0.024281,           0.0074894,            0.019154,           0.0031997,           0.0031997,           0.0031997
                   4,            0.024686,           0.0073512,            0.018788,            0.021728,             0.24677,            0.051105,            0.026234,             0.02143,           0.0071258,            0.018241,           0.0031993,           0.0031993,           0.0031993
                   5,             0.02341,           0.0070111,            0.017961,            0.032547,             0.24387,            0.065152,             0.03836,            0.020175,           0.0067743,            0.017631,           0.0031988,           0.0031988,           0.0031988
                   6,            0.022559,           0.0068248,            0.017555,            0.031726,             0.26417,            0.068926,            0.042716,            0.019345,           0.0067012,             0.01737,           0.0031981,           0.0031981,           0.0031981
                   7,            0.021632,           0.0065848,            0.017123,            0.080591,             0.26285,            0.070969,            0.044264,            0.018866,           0.0065299,            0.017074,           0.0031972,           0.0031972,           0.0031972
                   8,            0.021206,           0.0064816,            0.016804,            0.090654,             0.29113,            0.083828,            0.053655,            0.018339,           0.0063578,            0.016731,           0.0031962,           0.0031962,           0.0031962
                   9,            0.020842,           0.0063539,            0.016733,             0.27151,             0.24213,            0.077644,            0.049177,            0.018001,           0.0063842,            0.016431,           0.0031951,           0.0031951,           0.0031951
                  10,            0.020191,           0.0061854,            0.016495,             0.31982,             0.25046,            0.079668,            0.050389,            0.018204,           0.0063147,            0.016401,           0.0031938,           0.0031938,           0.0031938
                  11,            0.019958,           0.0062458,             0.01624,             0.14113,             0.32572,            0.089555,            0.058481,            0.017748,           0.0061316,            0.016399,           0.0031923,           0.0031923,           0.0031923
                  12,            0.019669,           0.0062803,            0.016282,             0.36716,             0.24019,            0.084806,            0.054635,            0.017584,           0.0060842,            0.016215,           0.0031907,           0.0031907,           0.0031907
                  13,             0.01929,           0.0060708,            0.015962,             0.38149,             0.22989,             0.08799,            0.057375,            0.017056,           0.0060522,            0.016081,           0.0031889,           0.0031889,           0.0031889
                  14,            0.019317,           0.0061633,            0.015966,             0.14233,              0.3386,            0.086688,            0.056936,             0.01778,           0.0060808,             0.01615,            0.003187,            0.003187,            0.003187
                  15,            0.018816,           0.0059285,            0.015902,             0.37633,             0.24763,            0.091169,            0.059355,            0.016859,           0.0059502,            0.016019,           0.0031849,           0.0031849,           0.0031849
                  16,            0.018638,           0.0059498,            0.015586,             0.37967,             0.26896,            0.095726,             0.06139,             0.01703,           0.0058816,            0.015769,           0.0031827,           0.0031827,           0.0031827
                  17,            0.018503,           0.0060141,            0.015589,             0.37292,             0.25117,            0.092761,             0.06065,            0.016126,           0.0058877,             0.01567,           0.0031803,           0.0031803,           0.0031803
                  18,            0.018172,           0.0058256,            0.015365,             0.37794,              0.2573,            0.098081,            0.064889,            0.016331,           0.0058556,            0.015469,           0.0031777,           0.0031777,           0.0031777
                  19,            0.018123,           0.0058998,            0.015089,             0.23938,             0.25916,             0.09811,             0.06347,            0.016513,           0.0058565,             0.01547,           0.0031751,           0.0031751,           0.0031751
                  20,            0.017892,           0.0057821,            0.014892,             0.23718,             0.30631,            0.095613,            0.062921,             0.01588,           0.0058176,            0.015152,           0.0031722,           0.0031722,           0.0031722
                  21,            0.017805,           0.0059339,            0.014689,             0.58133,             0.20012,             0.10829,            0.072354,            0.015996,           0.0057321,            0.015029,           0.0031692,           0.0031692,           0.0031692
                  22,            0.017753,           0.0058018,            0.014815,             0.18965,             0.36574,             0.11506,              0.0751,            0.015767,           0.0057146,            0.014797,           0.0031661,           0.0031661,           0.0031661
                  23,            0.017559,           0.0056492,            0.014324,             0.19289,             0.35124,             0.11611,            0.076326,            0.015899,           0.0056839,            0.014856,           0.0031628,           0.0031628,           0.0031628
                  24,            0.017479,           0.0056477,            0.014253,             0.33749,             0.30204,              0.1279,            0.084576,            0.015654,           0.0056268,            0.014421,           0.0031594,           0.0031594,           0.0031594
                  25,            0.017428,           0.0056434,            0.013771,              0.2134,             0.32984,             0.12982,            0.081869,            0.016043,           0.0056548,            0.014272,           0.0031558,           0.0031558,           0.0031558
                  26,            0.017477,           0.0056542,            0.013478,             0.43369,             0.24183,             0.13534,            0.086779,            0.015752,           0.0056382,            0.014139,            0.003152,            0.003152,            0.003152
                  27,            0.017312,            0.005594,            0.013497,             0.53603,             0.22189,             0.14454,            0.091867,            0.015661,             0.00561,            0.013885,           0.0031481,           0.0031481,           0.0031481
                  28,             0.01721,           0.0056214,            0.013269,             0.48469,             0.22279,             0.15261,             0.10194,            0.015698,           0.0055377,            0.013697,           0.0031441,           0.0031441,           0.0031441
                  29,             0.01713,           0.0055584,            0.013147,             0.41743,             0.28733,             0.15476,            0.098557,            0.015735,           0.0055281,            0.013612,           0.0031399,           0.0031399,           0.0031399
                  30,             0.01716,            0.005548,             0.01276,             0.36936,             0.32435,             0.16809,             0.10284,             0.01565,           0.0055579,            0.013492,           0.0031356,           0.0031356,           0.0031356
                  31,            0.017132,           0.0054339,            0.012697,             0.37503,               0.297,             0.17331,             0.10983,            0.015344,           0.0055504,            0.013139,           0.0031311,           0.0031311,           0.0031311
                  32,            0.016925,           0.0054984,            0.012381,             0.65923,             0.19354,             0.18322,             0.11497,            0.015576,           0.0055106,            0.012907,           0.0031265,           0.0031265,           0.0031265
                  33,            0.016922,           0.0055365,            0.012604,              0.4535,             0.27823,              0.2023,              0.1294,            0.015322,           0.0054661,            0.012708,           0.0031217,           0.0031217,           0.0031217
                  34,            0.016818,           0.0054786,            0.012319,             0.61899,             0.24892,             0.21908,             0.13732,            0.015501,           0.0054713,            0.012488,           0.0031168,           0.0031168,           0.0031168
                  35,            0.016711,              0.0055,            0.011896,             0.53572,             0.26627,             0.21776,             0.13923,             0.01493,           0.0054177,            0.012316,           0.0031117,           0.0031117,           0.0031117
                  36,            0.016561,           0.0053974,            0.011693,             0.62497,             0.26617,              0.2478,             0.16045,            0.015128,           0.0054585,            0.012281,           0.0031065,           0.0031065,           0.0031065
                  37,             0.01674,           0.0053236,             0.01145,             0.62115,              0.2803,             0.25056,             0.15867,            0.015208,           0.0054568,            0.011977,           0.0031011,           0.0031011,           0.0031011
                  38,            0.016589,           0.0053302,            0.011384,             0.65476,             0.26707,              0.2608,             0.16896,            0.015332,           0.0053801,            0.011719,           0.0030956,           0.0030956,           0.0030956
                  39,            0.016571,           0.0053027,            0.011162,             0.66202,             0.24721,             0.25236,             0.16429,            0.015448,           0.0053963,            0.011444,             0.00309,             0.00309,             0.00309
                  40,            0.016577,           0.0053404,             0.01099,             0.64701,             0.28392,             0.27204,             0.17336,             0.01551,           0.0054163,            0.011222,           0.0030842,           0.0030842,           0.0030842
                  41,            0.016319,           0.0052972,            0.010745,             0.65394,             0.29162,             0.27935,             0.17934,            0.015068,           0.0054204,            0.011386,           0.0030783,           0.0030783,           0.0030783
                  42,            0.016441,           0.0053147,            0.010482,             0.67671,             0.29181,             0.29384,             0.19401,            0.014912,           0.0053392,            0.010892,           0.0030722,           0.0030722,           0.0030722
                  43,            0.016384,           0.0052151,            0.010355,             0.67882,             0.30114,             0.30106,             0.19568,            0.014889,           0.0053433,            0.010855,            0.003066,            0.003066,            0.003066
                  44,            0.016361,           0.0053334,             0.01023,              0.7156,             0.26977,             0.30888,             0.19884,            0.014943,           0.0053409,            0.010505,           0.0030596,           0.0030596,           0.0030596
                  45,            0.016452,           0.0052548,            0.010022,             0.67104,             0.32138,             0.31494,             0.20339,            0.014777,           0.0053691,            0.010657,           0.0030532,           0.0030532,           0.0030532
                  46,            0.016299,           0.0053254,           0.0098214,             0.73316,             0.29231,             0.32618,             0.21347,            0.014717,           0.0053203,            0.010369,           0.0030465,           0.0030465,           0.0030465
                  47,            0.016384,           0.0052264,            0.009784,             0.73501,             0.31334,             0.33466,             0.21786,            0.014871,           0.0052329,            0.010315,           0.0030398,           0.0030398,           0.0030398
                  48,            0.016289,           0.0052541,            0.009556,             0.73128,             0.32383,              0.3461,             0.22411,            0.014856,           0.0052978,            0.010076,           0.0030329,           0.0030329,           0.0030329
                  49,            0.016239,           0.0052034,           0.0094813,             0.76409,             0.32048,             0.35335,             0.23289,            0.014909,           0.0052795,           0.0099893,           0.0030258,           0.0030258,           0.0030258
                  50,            0.016059,           0.0052088,           0.0092329,             0.77866,             0.32135,             0.36065,             0.24006,            0.014914,           0.0053243,           0.0096549,           0.0030187,           0.0030187,           0.0030187
                  51,            0.016086,           0.0052259,           0.0092016,             0.79172,             0.31785,             0.36677,              0.2469,            0.014534,           0.0052566,           0.0096081,           0.0030114,           0.0030114,           0.0030114
                  52,            0.016054,           0.0051121,           0.0088674,             0.82511,             0.31419,             0.37517,             0.24837,            0.014774,           0.0052125,            0.009559,           0.0030039,           0.0030039,           0.0030039
                  53,            0.016064,           0.0051933,            0.008851,             0.82802,             0.31585,             0.38178,             0.25467,            0.014486,           0.0052288,           0.0094309,           0.0029964,           0.0029964,           0.0029964
                  54,            0.016047,           0.0051703,            0.008686,             0.84971,             0.32249,             0.39654,             0.26449,            0.014582,           0.0051575,           0.0089839,           0.0029886,           0.0029886,           0.0029886
                  55,             0.01602,           0.0051306,           0.0085051,             0.80902,             0.35176,             0.39762,             0.26471,            0.014875,           0.0051706,           0.0091941,           0.0029808,           0.0029808,           0.0029808
                  56,             0.01589,           0.0050714,            0.008452,             0.81604,             0.36641,             0.39708,             0.26392,            0.014623,           0.0051919,           0.0087851,           0.0029728,           0.0029728,           0.0029728
                  57,            0.015998,           0.0051497,           0.0083314,             0.83193,             0.35854,             0.40289,             0.26671,            0.014541,           0.0052212,           0.0088009,           0.0029648,           0.0029648,           0.0029648
                  58,             0.01589,           0.0050341,           0.0081486,             0.78637,             0.35023,             0.41147,             0.26769,            0.014604,           0.0051584,           0.0086411,           0.0029565,           0.0029565,           0.0029565
                  59,            0.015771,           0.0050469,           0.0079675,             0.79919,              0.3505,             0.41198,             0.26943,            0.014629,           0.0051596,           0.0084944,           0.0029482,           0.0029482,           0.0029482
                  60,             0.01575,           0.0049356,           0.0078963,             0.72959,             0.37657,             0.42607,             0.27996,            0.014558,           0.0051734,           0.0083092,           0.0029397,           0.0029397,           0.0029397
                  61,            0.015574,           0.0049552,           0.0078436,             0.77415,              0.3804,             0.42907,             0.29109,            0.014464,           0.0051132,           0.0083135,           0.0029311,           0.0029311,           0.0029311
                  62,            0.015811,           0.0050313,           0.0077823,             0.67593,             0.40675,             0.43382,             0.28603,            0.014477,           0.0051931,           0.0081008,           0.0029224,           0.0029224,           0.0029224
                  63,             0.01551,           0.0049262,            0.007542,             0.75835,             0.39744,             0.43488,             0.28733,            0.014511,           0.0051515,           0.0080655,           0.0029135,           0.0029135,           0.0029135
                  64,            0.015545,           0.0050294,           0.0074932,             0.73462,             0.40078,             0.43382,             0.28908,            0.014528,           0.0051415,           0.0080406,           0.0029045,           0.0029045,           0.0029045
                  65,            0.015594,           0.0049113,           0.0074032,             0.75477,             0.39193,             0.43618,             0.29377,            0.014527,           0.0051719,           0.0079837,           0.0028954,           0.0028954,           0.0028954
                  66,            0.015541,            0.004959,           0.0072456,             0.76736,             0.39291,             0.45148,             0.29706,            0.014653,           0.0051545,           0.0079325,           0.0028862,           0.0028862,           0.0028862
                  67,            0.015505,           0.0049822,           0.0071998,             0.78756,             0.39201,              0.4511,             0.30597,             0.01442,           0.0050636,           0.0078472,           0.0028769,           0.0028769,           0.0028769
                  68,            0.015571,           0.0049371,           0.0073055,             0.77823,             0.38736,             0.44812,             0.30537,             0.01436,           0.0050877,           0.0077624,           0.0028674,           0.0028674,           0.0028674
                  69,            0.015414,           0.0049429,           0.0069829,             0.78162,             0.39103,             0.45888,              0.3012,            0.014327,           0.0050944,           0.0077574,           0.0028578,           0.0028578,           0.0028578
                  70,            0.015186,             0.00493,           0.0070118,             0.77037,              0.3947,             0.45333,             0.30238,            0.014435,           0.0051048,            0.007563,           0.0028482,           0.0028482,           0.0028482
                  71,              0.0153,           0.0049335,           0.0070719,             0.60398,             0.46887,             0.46238,             0.30685,            0.014432,           0.0050658,           0.0075716,           0.0028383,           0.0028383,           0.0028383
                  72,            0.015291,           0.0048456,           0.0068913,             0.61935,             0.45882,             0.45973,             0.31227,            0.014297,           0.0051019,           0.0074382,           0.0028284,           0.0028284,           0.0028284
                  73,            0.015284,           0.0049089,           0.0068181,              0.6354,             0.46582,             0.46909,             0.31714,            0.014134,           0.0050954,           0.0073051,           0.0028184,           0.0028184,           0.0028184
                  74,            0.015227,           0.0049588,           0.0066711,              0.6534,             0.45006,             0.46521,             0.31041,            0.014063,           0.0050779,           0.0074239,           0.0028082,           0.0028082,           0.0028082
                  75,            0.015047,           0.0048864,           0.0067101,             0.64999,             0.47711,             0.47888,             0.32595,            0.014021,           0.0050884,           0.0073093,            0.002798,            0.002798,            0.002798
                  76,            0.015099,           0.0047928,            0.006623,             0.62067,             0.49255,             0.47638,             0.32183,            0.014036,           0.0050674,           0.0071804,           0.0027876,           0.0027876,           0.0027876
                  77,            0.015167,           0.0048347,           0.0065999,             0.67941,             0.46338,             0.47967,             0.32497,            0.013979,           0.0050133,           0.0068822,           0.0027771,           0.0027771,           0.0027771
                  78,            0.015068,           0.0048347,           0.0063081,             0.67754,             0.47123,             0.48083,             0.32055,            0.014066,            0.005035,             0.00721,           0.0027665,           0.0027665,           0.0027665
                  79,            0.014907,           0.0048484,           0.0063594,             0.70086,             0.46806,             0.48371,             0.32116,            0.013983,           0.0050595,           0.0070721,           0.0027558,           0.0027558,           0.0027558
                  80,            0.014908,           0.0046927,           0.0063599,             0.61803,             0.51066,             0.48944,             0.33122,            0.013967,           0.0050988,           0.0069344,            0.002745,            0.002745,            0.002745
                  81,            0.015015,           0.0048393,           0.0062667,              0.5886,             0.51079,             0.48711,             0.33262,            0.013922,           0.0050682,           0.0069421,           0.0027341,           0.0027341,           0.0027341
                  82,            0.014915,           0.0047236,           0.0061012,             0.59442,             0.50888,             0.49248,             0.33348,            0.013959,           0.0050402,           0.0069983,           0.0027231,           0.0027231,           0.0027231
                  83,            0.015031,           0.0047554,             0.00614,             0.72975,             0.46181,             0.49462,             0.33375,            0.013799,           0.0050135,           0.0068158,            0.002712,            0.002712,            0.002712
                  84,            0.014867,           0.0047525,           0.0060227,             0.70182,             0.48705,             0.49637,             0.33728,            0.013841,           0.0050244,           0.0068667,           0.0027008,           0.0027008,           0.0027008
                  85,            0.014882,           0.0046992,           0.0061486,             0.68229,             0.49879,             0.49997,             0.33958,            0.013898,            0.005046,           0.0067778,           0.0026895,           0.0026895,           0.0026895
                  86,            0.014666,           0.0047691,             0.00584,             0.70091,             0.50231,             0.49794,             0.33572,            0.014065,           0.0050718,           0.0068124,           0.0026781,           0.0026781,           0.0026781
                  87,            0.014842,           0.0047558,           0.0058834,             0.71347,             0.50076,             0.50368,             0.34267,            0.014008,           0.0050288,           0.0068011,           0.0026666,           0.0026666,           0.0026666
                  88,            0.014745,           0.0048137,           0.0058425,             0.71098,             0.49816,             0.49914,             0.34158,            0.013882,           0.0050059,           0.0068885,            0.002655,            0.002655,            0.002655
                  89,            0.014608,           0.0047081,           0.0056355,             0.66815,             0.50754,             0.50227,             0.34115,            0.013876,           0.0049843,           0.0067985,           0.0026433,           0.0026433,           0.0026433
                  90,            0.014533,           0.0046308,           0.0057115,             0.65828,             0.50532,               0.502,             0.33939,            0.013804,           0.0049874,           0.0067901,           0.0026315,           0.0026315,           0.0026315
                  91,            0.014639,           0.0047138,           0.0055374,             0.68512,             0.51142,             0.50377,             0.34219,            0.013777,           0.0049689,           0.0067221,           0.0026196,           0.0026196,           0.0026196
                  92,            0.014523,           0.0046556,           0.0056888,             0.68361,             0.51432,             0.51226,             0.35206,            0.013845,           0.0049377,           0.0065431,           0.0026076,           0.0026076,           0.0026076
                  93,            0.014471,           0.0047435,             0.00558,             0.72245,             0.50906,             0.51873,             0.35492,            0.013798,            0.004932,           0.0065838,           0.0025956,           0.0025956,           0.0025956
                  94,            0.014507,            0.004748,           0.0054812,             0.71565,             0.50388,             0.51591,             0.35318,            0.013827,            0.004945,           0.0065567,           0.0025834,           0.0025834,           0.0025834
                  95,            0.014588,           0.0046421,            0.005508,             0.66165,               0.541,             0.51729,             0.35166,            0.013839,           0.0049721,           0.0063835,           0.0025712,           0.0025712,           0.0025712
                  96,            0.014417,           0.0046102,           0.0053937,             0.66583,             0.53179,             0.51573,              0.3527,            0.013833,           0.0049654,            0.006306,           0.0025589,           0.0025589,           0.0025589
                  97,            0.014405,           0.0046343,           0.0053981,             0.66761,              0.5285,             0.51556,             0.35409,            0.013835,           0.0049859,           0.0064444,           0.0025464,           0.0025464,           0.0025464
                  98,             0.01438,           0.0046811,           0.0053745,             0.66447,             0.52475,              0.5162,             0.35376,            0.013618,           0.0049772,           0.0065037,            0.002534,            0.002534,            0.002534
                  99,            0.014556,           0.0047086,           0.0053414,             0.66521,             0.52598,             0.52023,             0.35813,            0.013534,           0.0049705,           0.0064019,           0.0025214,           0.0025214,           0.0025214
                 100,            0.014424,           0.0046139,           0.0051951,             0.70038,             0.51156,             0.52385,             0.36135,            0.013541,           0.0049819,           0.0063206,           0.0025087,           0.0025087,           0.0025087
                 101,            0.014542,           0.0046613,           0.0052687,             0.68022,             0.51963,             0.52406,             0.35984,            0.013566,           0.0049945,           0.0063019,            0.002496,            0.002496,            0.002496
                 102,            0.014346,           0.0045518,           0.0051768,             0.71352,             0.50643,             0.52591,             0.36128,            0.013535,           0.0049944,           0.0062604,           0.0024832,           0.0024832,           0.0024832
                 103,            0.014375,           0.0046686,           0.0051865,             0.67349,             0.52086,              0.5247,             0.35787,            0.013599,            0.004993,           0.0062636,           0.0024703,           0.0024703,           0.0024703
                 104,            0.014223,           0.0046456,           0.0051783,             0.69684,             0.51671,             0.52975,              0.3617,            0.013553,           0.0049601,           0.0061366,           0.0024574,           0.0024574,           0.0024574
                 105,            0.014241,           0.0045669,           0.0052058,             0.71302,             0.50434,             0.53132,              0.3639,             0.01353,           0.0049514,           0.0061855,           0.0024443,           0.0024443,           0.0024443
                 106,            0.013955,           0.0045436,           0.0047561,             0.69412,             0.51864,             0.53307,             0.36856,            0.013525,           0.0049332,           0.0062428,           0.0024312,           0.0024312,           0.0024312
                 107,            0.014155,           0.0046578,           0.0050749,             0.69772,             0.51313,             0.53618,             0.36863,            0.013517,           0.0049208,           0.0063469,            0.002418,            0.002418,            0.002418
                 108,            0.014142,           0.0046288,           0.0049412,             0.71092,             0.50301,             0.53375,              0.3688,            0.013442,           0.0049081,            0.006413,           0.0024048,           0.0024048,           0.0024048
                 109,            0.014109,           0.0045752,           0.0049704,             0.69246,             0.51322,             0.53432,             0.36782,            0.013438,           0.0049119,             0.00642,           0.0023915,           0.0023915,           0.0023915
                 110,            0.014103,           0.0046373,           0.0048032,             0.68578,             0.52002,             0.53555,             0.37047,            0.013406,           0.0049021,           0.0063781,           0.0023781,           0.0023781,           0.0023781
                 111,            0.014178,           0.0045655,           0.0047882,             0.68323,             0.52487,             0.53902,             0.37507,             0.01341,           0.0049043,           0.0063508,           0.0023647,           0.0023647,           0.0023647
                 112,            0.013986,           0.0045992,           0.0047859,             0.73247,             0.49708,             0.54036,             0.37414,            0.013444,           0.0049003,           0.0063051,           0.0023512,           0.0023512,           0.0023512
                 113,            0.014015,           0.0046122,           0.0049301,             0.69173,             0.52766,              0.5445,             0.37668,            0.013448,           0.0048723,           0.0061708,           0.0023376,           0.0023376,           0.0023376
                 114,             0.01397,           0.0045175,           0.0046381,             0.71858,             0.51089,             0.54693,             0.37988,            0.013445,           0.0048566,           0.0061081,            0.002324,            0.002324,            0.002324
                 115,            0.013863,           0.0045223,           0.0045619,             0.71347,             0.52167,             0.54991,             0.38273,            0.013433,           0.0048602,           0.0060656,           0.0023103,           0.0023103,           0.0023103
                 116,            0.013956,           0.0045655,           0.0045583,             0.73558,             0.51215,             0.55183,             0.38042,            0.013394,           0.0048635,            0.006029,           0.0022966,           0.0022966,           0.0022966
                 117,            0.013892,           0.0044672,           0.0045199,              0.7343,             0.51645,              0.5532,             0.38158,            0.013389,           0.0048774,           0.0060933,           0.0022828,           0.0022828,           0.0022828
                 118,            0.013864,           0.0045511,             0.00458,             0.68451,             0.52357,             0.55459,             0.38052,            0.013368,           0.0048643,           0.0060988,           0.0022689,           0.0022689,           0.0022689
                 119,            0.013879,            0.004533,           0.0045398,             0.68192,             0.52253,             0.55594,             0.38096,            0.013334,           0.0048574,           0.0061578,            0.002255,            0.002255,            0.002255
                 120,            0.013779,           0.0044305,           0.0045904,             0.67477,             0.52562,             0.55749,             0.38383,            0.013317,           0.0048476,           0.0061849,           0.0022411,           0.0022411,           0.0022411
                 121,            0.013687,            0.004422,           0.0044259,              0.6784,             0.52196,             0.55974,             0.38482,            0.013297,           0.0048557,           0.0061302,           0.0022271,           0.0022271,           0.0022271
                 122,            0.013643,           0.0044989,           0.0044783,             0.70295,              0.5117,             0.56499,             0.39014,            0.013294,            0.004863,           0.0060436,            0.002213,            0.002213,            0.002213
                 123,            0.013814,           0.0045356,           0.0044409,             0.68781,              0.5159,             0.56516,             0.39044,            0.013315,           0.0048589,           0.0059997,            0.002199,            0.002199,            0.002199
                 124,            0.013593,           0.0045062,           0.0044129,             0.67221,             0.52263,             0.56598,             0.39129,            0.013288,           0.0048634,           0.0060256,           0.0021848,           0.0021848,           0.0021848
                 125,             0.01372,           0.0045265,           0.0045425,             0.62739,             0.55468,             0.56618,             0.39431,            0.013255,           0.0048536,           0.0060432,           0.0021706,           0.0021706,           0.0021706
                 126,            0.013582,            0.004471,           0.0043323,             0.64218,             0.54946,             0.56946,             0.39478,            0.013247,           0.0048464,            0.006014,           0.0021564,           0.0021564,           0.0021564
                 127,            0.013548,           0.0044152,           0.0042629,             0.65675,             0.54879,             0.56989,             0.39531,            0.013213,           0.0048386,           0.0059659,           0.0021422,           0.0021422,           0.0021422
                 128,            0.013594,           0.0044637,           0.0042869,             0.65431,             0.54962,             0.56787,              0.3942,            0.013197,           0.0048326,           0.0059602,           0.0021279,           0.0021279,           0.0021279
                 129,            0.013524,           0.0045801,           0.0042622,              0.6507,               0.553,              0.5697,             0.39734,            0.013207,           0.0048336,           0.0059218,           0.0021135,           0.0021135,           0.0021135
                 130,            0.013647,           0.0044539,            0.004209,             0.64719,             0.55533,             0.57243,             0.39716,            0.013219,           0.0048239,           0.0059071,           0.0020991,           0.0020991,           0.0020991
                 131,            0.013466,           0.0043356,           0.0040518,             0.65379,             0.55487,             0.57361,             0.39921,            0.013236,           0.0048252,           0.0058653,           0.0020847,           0.0020847,           0.0020847
                 132,            0.013474,           0.0043811,           0.0042794,             0.65255,             0.56086,             0.57299,             0.39932,             0.01325,           0.0048291,           0.0058389,           0.0020703,           0.0020703,           0.0020703
                 133,            0.013521,           0.0044831,           0.0041279,             0.65401,             0.55834,              0.5757,             0.40028,            0.013247,           0.0048272,           0.0058334,           0.0020558,           0.0020558,           0.0020558
                 134,            0.013554,           0.0044468,           0.0042264,             0.64993,             0.56486,             0.57563,             0.39952,            0.013246,           0.0048203,            0.005814,           0.0020413,           0.0020413,           0.0020413
                 135,            0.013443,           0.0044531,           0.0040726,             0.65465,             0.55995,             0.57488,             0.40062,            0.013244,           0.0048146,           0.0057911,           0.0020268,           0.0020268,           0.0020268
                 136,            0.013429,           0.0044604,            0.004028,             0.66059,             0.55792,             0.57602,             0.40164,            0.013244,           0.0048163,            0.005791,           0.0020123,           0.0020123,           0.0020123
                 137,            0.013451,           0.0044127,           0.0040482,              0.6644,             0.55671,             0.57742,             0.40111,            0.013238,           0.0048153,              0.0058,           0.0019977,           0.0019977,           0.0019977
                 138,            0.013268,           0.0044952,            0.003968,             0.64732,             0.56731,             0.57799,             0.40124,            0.013217,           0.0048096,           0.0058128,           0.0019831,           0.0019831,           0.0019831
                 139,            0.013217,           0.0043839,           0.0039117,             0.68748,             0.53419,             0.57881,             0.40134,            0.013196,           0.0048077,           0.0058369,           0.0019685,           0.0019685,           0.0019685
                 140,            0.013097,           0.0043251,           0.0039323,             0.67519,             0.53967,              0.5786,             0.40015,            0.013167,           0.0048093,           0.0058424,           0.0019538,           0.0019538,           0.0019538
                 141,            0.013159,           0.0044072,           0.0038889,             0.68605,             0.53177,             0.57981,             0.40104,            0.013161,           0.0048077,           0.0058491,           0.0019392,           0.0019392,           0.0019392
                 142,            0.013325,            0.004402,           0.0038729,              0.6901,             0.53174,             0.57988,             0.40044,            0.013151,           0.0048013,           0.0058356,           0.0019245,           0.0019245,           0.0019245
                 143,            0.013268,           0.0043946,           0.0039533,             0.69517,             0.53467,             0.58199,             0.40137,            0.013141,           0.0048006,           0.0058415,           0.0019098,           0.0019098,           0.0019098
                 144,            0.013198,            0.004447,           0.0038659,             0.60884,             0.60882,             0.58388,             0.40218,            0.013139,           0.0048066,           0.0058432,           0.0018951,           0.0018951,           0.0018951
                 145,            0.013206,            0.004371,           0.0038125,             0.61627,             0.60696,             0.58337,             0.40267,            0.013124,            0.004808,           0.0058474,           0.0018804,           0.0018804,           0.0018804
                 146,             0.01322,           0.0043689,           0.0038007,             0.62573,             0.60462,              0.5842,             0.40383,            0.013099,           0.0048101,           0.0058343,           0.0018657,           0.0018657,           0.0018657
                 147,            0.013043,           0.0043002,           0.0038148,             0.63592,             0.60236,             0.58599,             0.40499,            0.013091,           0.0048126,           0.0058194,            0.001851,            0.001851,            0.001851
                 148,            0.013202,           0.0043856,           0.0037829,             0.64207,             0.60158,             0.58727,             0.40624,            0.013079,           0.0048153,           0.0058098,           0.0018362,           0.0018362,           0.0018362
                 149,            0.013136,           0.0044008,            0.003673,             0.64731,             0.60092,             0.58734,             0.40678,            0.013067,           0.0048127,           0.0058257,           0.0018215,           0.0018215,           0.0018215
                 150,            0.012987,           0.0043849,           0.0037005,             0.64582,             0.60035,             0.58695,             0.40637,            0.013062,           0.0048087,           0.0058294,           0.0018067,           0.0018067,           0.0018067
                 151,            0.013049,           0.0043901,           0.0037687,             0.64679,             0.59925,             0.58687,             0.40727,            0.013055,           0.0048055,           0.0058465,            0.001792,            0.001792,            0.001792
                 152,            0.012959,           0.0044164,           0.0036571,             0.64373,             0.60342,             0.58855,             0.40738,             0.01305,           0.0048045,           0.0058302,           0.0017773,           0.0017773,           0.0017773
                 153,            0.013032,           0.0043676,           0.0036989,             0.65156,              0.5961,             0.58941,             0.40839,            0.013039,           0.0048019,           0.0058212,           0.0017625,           0.0017625,           0.0017625
                 154,            0.013001,            0.004276,           0.0035632,             0.65201,             0.59923,             0.58995,             0.41021,             0.01303,              0.0048,           0.0058094,           0.0017478,           0.0017478,           0.0017478
                 155,             0.01296,           0.0044074,            0.003641,             0.65322,             0.59987,             0.58964,              0.4102,            0.013023,           0.0047992,           0.0057945,            0.001733,            0.001733,            0.001733
                 156,            0.012862,           0.0043226,           0.0035598,             0.66696,             0.59307,             0.58946,             0.40954,            0.013018,           0.0047973,           0.0057774,           0.0017183,           0.0017183,           0.0017183
                 157,            0.012928,           0.0042784,           0.0036186,             0.66299,             0.59614,             0.58727,             0.41065,            0.013012,            0.004794,           0.0057867,           0.0017036,           0.0017036,           0.0017036
                 158,             0.01293,           0.0042895,           0.0036024,             0.67688,             0.58696,             0.58783,             0.41019,            0.013011,           0.0047911,           0.0057906,           0.0016889,           0.0016889,           0.0016889
                 159,            0.012916,           0.0044005,           0.0036201,             0.67662,              0.5863,             0.58833,             0.40985,            0.013006,           0.0047906,            0.005797,           0.0016742,           0.0016742,           0.0016742
                 160,            0.012751,           0.0042637,           0.0034379,             0.66775,              0.5932,             0.58935,             0.40966,            0.013004,           0.0047899,           0.0058041,           0.0016595,           0.0016595,           0.0016595
                 161,            0.012912,           0.0043711,              0.0036,             0.66651,             0.59547,             0.58993,             0.41015,            0.013004,           0.0047916,           0.0058117,           0.0016448,           0.0016448,           0.0016448
                 162,            0.012697,           0.0043261,           0.0034607,             0.66957,             0.59481,             0.59114,             0.40964,            0.013005,           0.0047936,           0.0058036,           0.0016302,           0.0016302,           0.0016302
                 163,            0.012846,            0.004309,           0.0035064,             0.67643,              0.5915,             0.59109,             0.41119,            0.013007,           0.0047916,           0.0058001,           0.0016155,           0.0016155,           0.0016155
                 164,            0.012674,           0.0042038,            0.003434,             0.67635,             0.59244,             0.59275,             0.41321,            0.013005,            0.004792,           0.0057999,           0.0016009,           0.0016009,           0.0016009
                 165,            0.012633,           0.0042326,           0.0035473,              0.6833,             0.59104,             0.59559,             0.41671,            0.013002,           0.0047913,           0.0057919,           0.0015863,           0.0015863,           0.0015863
                 166,            0.012678,           0.0043959,           0.0035644,              0.6916,             0.58557,             0.59635,             0.41644,            0.012997,           0.0047915,           0.0057834,           0.0015717,           0.0015717,           0.0015717
                 167,            0.012686,           0.0043243,           0.0034701,             0.69214,             0.58801,             0.59662,             0.41722,            0.012989,           0.0047914,           0.0057796,           0.0015572,           0.0015572,           0.0015572
                 168,            0.012783,           0.0043336,           0.0033578,             0.69271,             0.58859,             0.59739,             0.41797,            0.012991,           0.0047885,           0.0057759,           0.0015427,           0.0015427,           0.0015427
                 169,            0.012603,           0.0042798,           0.0034943,             0.69367,             0.58867,             0.59817,             0.41985,            0.012997,           0.0047859,           0.0057696,           0.0015282,           0.0015282,           0.0015282
                 170,            0.012685,           0.0042829,           0.0033614,             0.73312,               0.574,             0.59867,             0.42016,            0.012999,           0.0047854,           0.0057604,           0.0015137,           0.0015137,           0.0015137
                 171,            0.012523,           0.0042233,           0.0031106,             0.73287,             0.57521,             0.59952,             0.42119,            0.013002,           0.0047836,           0.0057595,           0.0014993,           0.0014993,           0.0014993
                 172,            0.012463,           0.0041965,           0.0032543,              0.7295,             0.57724,             0.59994,             0.42161,            0.013001,           0.0047833,           0.0057516,           0.0014849,           0.0014849,           0.0014849
                 173,            0.012565,           0.0042646,           0.0032615,             0.72865,             0.57839,             0.60024,             0.42212,            0.013002,           0.0047826,           0.0057465,           0.0014705,           0.0014705,           0.0014705
                 174,            0.012586,           0.0043288,           0.0033706,             0.72295,             0.58148,             0.60129,             0.42199,            0.013004,            0.004784,           0.0057383,           0.0014561,           0.0014561,           0.0014561
                 175,            0.012654,           0.0042971,           0.0034076,             0.72529,             0.58134,             0.60204,             0.42246,            0.013004,           0.0047841,            0.005726,           0.0014418,           0.0014418,           0.0014418
                 176,            0.012463,           0.0042121,           0.0032611,             0.73815,             0.57617,             0.60235,             0.42246,            0.012998,           0.0047839,           0.0057155,           0.0014276,           0.0014276,           0.0014276
                 177,            0.012464,            0.004253,           0.0032229,             0.73777,             0.57631,              0.6024,             0.42247,            0.012994,           0.0047825,           0.0057065,           0.0014134,           0.0014134,           0.0014134
                 178,            0.012261,           0.0041839,           0.0030488,             0.73846,             0.57608,             0.60303,              0.4237,            0.012988,           0.0047816,           0.0056935,           0.0013992,           0.0013992,           0.0013992
                 179,            0.012255,           0.0042336,           0.0032414,             0.74145,             0.57361,             0.60315,             0.42405,            0.012987,           0.0047807,            0.005685,            0.001385,            0.001385,            0.001385
                 180,            0.012179,           0.0042329,           0.0030434,             0.76561,             0.56332,             0.60399,             0.42438,            0.012982,           0.0047788,           0.0056774,            0.001371,            0.001371,            0.001371
                 181,            0.012342,           0.0042518,           0.0032985,             0.73208,             0.58259,             0.60414,             0.42476,            0.012982,           0.0047778,           0.0056676,           0.0013569,           0.0013569,           0.0013569
                 182,            0.012351,           0.0042541,           0.0032189,             0.76574,             0.56537,             0.60432,             0.42559,            0.012983,           0.0047771,            0.005663,           0.0013429,           0.0013429,           0.0013429
                 183,            0.012389,            0.004177,           0.0031694,             0.69502,             0.60393,             0.60539,             0.42649,            0.012987,           0.0047763,            0.005657,            0.001329,            0.001329,            0.001329
                 184,            0.012249,           0.0041658,            0.003123,             0.70008,             0.60106,             0.60709,             0.42668,             0.01299,           0.0047753,           0.0056604,           0.0013151,           0.0013151,           0.0013151
                 185,            0.012217,           0.0042122,           0.0031254,             0.70377,             0.59905,             0.60697,             0.42766,            0.012991,            0.004775,           0.0056626,           0.0013012,           0.0013012,           0.0013012
                 186,            0.012255,           0.0041788,           0.0029938,             0.70282,             0.60083,             0.60987,             0.42946,            0.012989,           0.0047737,           0.0056672,           0.0012874,           0.0012874,           0.0012874
                 187,            0.012188,           0.0041085,           0.0029878,             0.77393,             0.57033,             0.61045,             0.43066,            0.012988,           0.0047726,           0.0056701,           0.0012737,           0.0012737,           0.0012737
                 188,            0.012232,           0.0041475,            0.003058,              0.7712,               0.573,             0.61064,             0.43084,            0.012988,           0.0047717,           0.0056717,             0.00126,             0.00126,             0.00126
                 189,            0.012158,           0.0041664,           0.0031145,             0.77154,             0.57357,             0.61096,             0.43104,            0.012986,           0.0047714,           0.0056684,           0.0012464,           0.0012464,           0.0012464
                 190,            0.012088,           0.0040882,           0.0029183,             0.77153,             0.57381,             0.61118,             0.43147,            0.012984,           0.0047703,           0.0056627,           0.0012328,           0.0012328,           0.0012328
                 191,            0.012154,           0.0041251,           0.0029571,             0.77203,             0.57282,             0.61178,             0.43094,            0.012982,           0.0047697,           0.0056668,           0.0012193,           0.0012193,           0.0012193
                 192,            0.012081,           0.0041968,           0.0029883,             0.77312,             0.57245,              0.6119,              0.4315,            0.012979,           0.0047694,           0.0056651,           0.0012059,           0.0012059,           0.0012059
                 193,            0.012087,           0.0041137,           0.0029174,             0.78051,             0.56908,             0.61178,             0.43216,            0.012977,           0.0047696,           0.0056597,           0.0011925,           0.0011925,           0.0011925
                 194,            0.012148,           0.0041662,            0.003019,             0.77738,             0.57013,             0.61178,             0.43207,            0.012974,             0.00477,           0.0056578,           0.0011792,           0.0011792,           0.0011792
                 195,            0.012017,           0.0041495,            0.003021,             0.77462,             0.57146,             0.61176,             0.43181,            0.012973,           0.0047704,           0.0056576,            0.001166,            0.001166,            0.001166
                 196,            0.011935,            0.004092,           0.0029232,              0.7755,             0.57091,             0.61158,             0.43156,            0.012974,           0.0047709,           0.0056569,           0.0011528,           0.0011528,           0.0011528
                 197,            0.011984,           0.0041999,           0.0029384,             0.77514,             0.57144,             0.61154,             0.43148,            0.012973,           0.0047709,           0.0056589,           0.0011397,           0.0011397,           0.0011397
                 198,            0.011991,           0.0041814,           0.0029496,             0.76704,             0.57611,             0.61155,             0.43171,            0.012972,           0.0047719,           0.0056571,           0.0011266,           0.0011266,           0.0011266
                 199,            0.011937,           0.0041343,           0.0029902,             0.77288,             0.57377,             0.61186,             0.43257,             0.01297,           0.0047722,           0.0056537,           0.0011137,           0.0011137,           0.0011137
                 200,            0.012044,           0.0041794,           0.0029575,             0.77526,             0.57384,             0.61215,             0.43358,            0.012969,           0.0047726,           0.0056516,           0.0011008,           0.0011008,           0.0011008
                 201,            0.011856,           0.0040216,           0.0029034,             0.77338,              0.5751,             0.61247,             0.43394,             0.01297,           0.0047731,           0.0056515,            0.001088,            0.001088,            0.001088
                 202,             0.01188,           0.0041926,           0.0028138,             0.77143,             0.57544,             0.61225,             0.43311,            0.012971,           0.0047736,           0.0056507,           0.0010753,           0.0010753,           0.0010753
                 203,            0.011946,           0.0041176,           0.0028499,             0.77239,             0.57516,             0.61258,             0.43327,             0.01297,           0.0047731,           0.0056468,           0.0010626,           0.0010626,           0.0010626
                 204,            0.011864,           0.0040983,           0.0028441,             0.77842,              0.5739,             0.61281,             0.43394,             0.01297,            0.004773,           0.0056445,             0.00105,             0.00105,             0.00105
                 205,            0.011964,           0.0040669,           0.0028829,             0.77751,             0.57423,             0.61288,             0.43385,            0.012967,           0.0047722,           0.0056427,           0.0010376,           0.0010376,           0.0010376
                 206,             0.01173,           0.0040573,           0.0028218,             0.77811,             0.57385,             0.61289,             0.43414,            0.012965,           0.0047721,           0.0056428,           0.0010251,           0.0010251,           0.0010251
                 207,            0.011864,           0.0042601,           0.0029479,             0.77928,             0.57358,             0.61334,             0.43445,            0.012962,           0.0047714,           0.0056412,           0.0010128,           0.0010128,           0.0010128
                 208,            0.011922,           0.0041584,           0.0028497,             0.77946,             0.57364,             0.61373,             0.43456,            0.012959,           0.0047711,           0.0056389,           0.0010006,           0.0010006,           0.0010006
                 209,            0.011793,            0.004104,           0.0029001,             0.77886,             0.57361,             0.61373,             0.43439,            0.012956,           0.0047712,           0.0056382,          0.00098844,          0.00098844,          0.00098844
                 210,            0.011861,           0.0041516,           0.0028898,             0.77931,             0.57339,             0.61405,             0.43459,            0.012954,            0.004772,           0.0056367,          0.00097637,          0.00097637,          0.00097637
                 211,            0.011848,           0.0040676,           0.0029249,             0.77878,              0.5735,             0.61611,             0.43523,            0.012951,            0.004772,           0.0056356,           0.0009644,           0.0009644,           0.0009644
                 212,            0.011715,           0.0040745,           0.0027976,              0.7549,             0.58834,             0.61524,             0.43575,             0.01295,           0.0047721,           0.0056343,          0.00095252,          0.00095252,          0.00095252
                 213,            0.011855,           0.0041646,           0.0029546,             0.75721,             0.58746,             0.61667,             0.43576,            0.012948,           0.0047733,           0.0056325,          0.00094072,          0.00094072,          0.00094072
                 214,            0.011715,            0.004075,           0.0028225,             0.76401,             0.58295,             0.61617,             0.43519,            0.012948,           0.0047737,           0.0056312,          0.00092903,          0.00092903,          0.00092903
                 215,            0.011674,           0.0039707,           0.0027479,             0.76166,             0.58594,             0.61711,             0.43597,            0.012947,           0.0047746,            0.005629,          0.00091742,          0.00091742,          0.00091742
                 216,            0.011548,           0.0040358,           0.0026928,             0.76217,             0.58472,             0.61655,             0.43526,            0.012943,           0.0047749,           0.0056283,          0.00090592,          0.00090592,          0.00090592
                 217,            0.011644,           0.0040058,           0.0027137,             0.76305,             0.58553,             0.61629,              0.4356,            0.012939,           0.0047747,           0.0056274,          0.00089451,          0.00089451,          0.00089451
                 218,            0.011709,            0.004078,             0.00284,             0.76481,             0.58432,             0.61662,              0.4354,            0.012937,           0.0047748,           0.0056251,           0.0008832,           0.0008832,           0.0008832
                 219,            0.011654,           0.0040788,           0.0027049,              0.7675,             0.58381,             0.61705,             0.43578,            0.012936,           0.0047747,           0.0056214,          0.00087198,          0.00087198,          0.00087198
                 220,            0.011665,           0.0040536,           0.0026696,             0.76468,             0.58417,             0.61672,             0.43558,            0.012933,           0.0047744,            0.005618,          0.00086087,          0.00086087,          0.00086087
                 221,            0.011517,           0.0040682,            0.002741,             0.76593,             0.58475,             0.61684,             0.43532,            0.012932,           0.0047751,           0.0056157,          0.00084986,          0.00084986,          0.00084986
                 222,            0.011556,            0.004049,           0.0027712,              0.7725,             0.58044,             0.61784,             0.43555,            0.012931,           0.0047757,           0.0056166,          0.00083896,          0.00083896,          0.00083896
                 223,            0.011531,           0.0040459,           0.0025512,             0.76648,             0.58371,             0.61737,             0.43551,            0.012929,           0.0047766,           0.0056182,          0.00082816,          0.00082816,          0.00082816
                 224,             0.01163,           0.0041141,           0.0026859,             0.76741,             0.58344,             0.61758,             0.43512,            0.012926,           0.0047774,           0.0056177,          0.00081746,          0.00081746,          0.00081746
                 225,            0.011494,           0.0040525,           0.0026231,             0.76572,             0.58496,             0.61766,             0.43497,            0.012924,           0.0047776,           0.0056192,          0.00080687,          0.00080687,          0.00080687
                 226,            0.011561,           0.0041182,           0.0026782,              0.7666,             0.58479,             0.61752,             0.43487,            0.012924,           0.0047782,           0.0056218,          0.00079639,          0.00079639,          0.00079639
                 227,            0.011503,           0.0040686,           0.0027185,             0.76616,               0.585,             0.61752,             0.43494,            0.012922,           0.0047789,           0.0056221,          0.00078602,          0.00078602,          0.00078602
                 228,            0.011548,           0.0040599,           0.0026925,             0.76629,             0.58516,             0.61785,             0.43535,            0.012922,           0.0047792,           0.0056224,          0.00077576,          0.00077576,          0.00077576
                 229,            0.011576,           0.0041617,           0.0026115,             0.76532,             0.58596,             0.61815,             0.43557,            0.012923,           0.0047792,           0.0056257,          0.00076561,          0.00076561,          0.00076561
                 230,            0.011567,           0.0040182,           0.0026044,             0.76541,              0.5858,              0.6168,             0.43604,            0.012922,           0.0047792,           0.0056276,          0.00075558,          0.00075558,          0.00075558
                 231,             0.01149,           0.0039997,           0.0025979,             0.76581,             0.58563,             0.61842,             0.43569,            0.012921,           0.0047789,           0.0056261,          0.00074565,          0.00074565,          0.00074565
                 232,            0.011422,           0.0040587,           0.0024903,              0.7661,             0.58535,             0.61682,             0.43627,             0.01292,           0.0047791,           0.0056263,          0.00073584,          0.00073584,          0.00073584
                 233,             0.01147,           0.0040445,           0.0026313,             0.76666,             0.58519,             0.61694,             0.43642,            0.012921,           0.0047792,           0.0056261,          0.00072615,          0.00072615,          0.00072615
                 234,            0.011385,           0.0039911,            0.002611,             0.76734,             0.58464,             0.61892,              0.4362,            0.012921,           0.0047797,           0.0056269,          0.00071658,          0.00071658,          0.00071658
                 235,             0.01135,           0.0040332,           0.0026455,             0.76771,             0.58495,             0.61791,             0.43719,            0.012919,           0.0047795,           0.0056258,          0.00070712,          0.00070712,          0.00070712
                 236,             0.01146,           0.0040051,            0.002591,             0.76793,             0.58508,             0.61785,             0.43727,            0.012918,             0.00478,           0.0056276,          0.00069778,          0.00069778,          0.00069778
                 237,            0.011479,           0.0040987,           0.0027131,             0.76996,             0.58447,             0.61805,             0.43776,            0.012918,           0.0047801,            0.005626,          0.00068856,          0.00068856,          0.00068856
                 238,            0.011241,           0.0040049,           0.0025928,             0.77019,             0.58457,             0.61854,             0.43732,            0.012918,           0.0047802,           0.0056278,          0.00067946,          0.00067946,          0.00067946
                 239,            0.011413,            0.003999,            0.002576,             0.76935,             0.58474,             0.61816,             0.43782,            0.012918,           0.0047806,           0.0056297,          0.00067049,          0.00067049,          0.00067049
                 240,              0.0112,           0.0040105,           0.0025244,             0.77031,              0.5859,             0.61926,             0.43796,            0.012918,           0.0047818,           0.0056305,          0.00066163,          0.00066163,          0.00066163
                 241,            0.011311,           0.0040036,           0.0026007,             0.76882,             0.58738,             0.61948,             0.43778,            0.012918,           0.0047824,           0.0056326,           0.0006529,           0.0006529,           0.0006529
                 242,            0.011441,            0.004033,           0.0025989,             0.76932,             0.58801,             0.61984,             0.43809,            0.012918,           0.0047834,           0.0056353,           0.0006443,           0.0006443,           0.0006443
                 243,            0.011418,           0.0040787,           0.0026666,             0.76978,             0.58769,             0.61998,             0.43801,             0.01292,            0.004785,           0.0056365,          0.00063582,          0.00063582,          0.00063582
                 244,            0.011387,           0.0040034,           0.0026326,             0.77133,             0.58684,             0.62007,              0.4381,            0.012921,           0.0047855,            0.005638,          0.00062747,          0.00062747,          0.00062747
                 245,            0.011375,           0.0040561,           0.0026101,             0.77068,             0.58699,             0.62014,             0.43814,            0.012921,           0.0047869,           0.0056385,          0.00061925,          0.00061925,          0.00061925
                 246,            0.011365,           0.0040583,           0.0025483,             0.76454,             0.58996,             0.61966,             0.43811,            0.012921,           0.0047875,           0.0056407,          0.00061115,          0.00061115,          0.00061115
                 247,            0.011143,           0.0039465,           0.0024447,             0.77475,             0.58625,             0.62097,             0.43857,            0.012921,           0.0047878,           0.0056428,          0.00060319,          0.00060319,          0.00060319
                 248,            0.011254,            0.003975,           0.0024939,             0.77418,             0.58653,             0.62114,             0.43778,            0.012921,           0.0047886,           0.0056459,          0.00059535,          0.00059535,          0.00059535
                 249,            0.011266,           0.0040144,           0.0025828,              0.7731,              0.5869,             0.62145,             0.43804,            0.012921,           0.0047901,           0.0056487,          0.00058765,          0.00058765,          0.00058765
                 250,            0.011245,           0.0039605,           0.0023289,             0.77266,             0.58706,             0.62176,             0.43826,            0.012922,           0.0047911,           0.0056494,          0.00058008,          0.00058008,          0.00058008
                 251,            0.011274,           0.0040043,           0.0025536,             0.77219,             0.58722,             0.62179,             0.43832,            0.012922,           0.0047917,           0.0056499,          0.00057264,          0.00057264,          0.00057264
                 252,             0.01122,           0.0039494,             0.00253,             0.75646,             0.59561,             0.62174,              0.4384,            0.012922,           0.0047922,            0.005652,          0.00056533,          0.00056533,          0.00056533
                 253,            0.011276,           0.0039791,           0.0025146,             0.76423,             0.58989,             0.62238,             0.43869,            0.012922,           0.0047932,           0.0056522,          0.00055816,          0.00055816,          0.00055816
                 254,            0.011227,           0.0040524,           0.0023624,             0.77306,             0.58485,              0.6225,             0.43873,            0.012922,           0.0047939,           0.0056547,          0.00055112,          0.00055112,          0.00055112
                 255,            0.011237,           0.0040639,           0.0025164,             0.77261,             0.58491,             0.62426,             0.43924,            0.012923,            0.004795,           0.0056559,          0.00054423,          0.00054423,          0.00054423
                 256,            0.011137,           0.0039325,           0.0024467,             0.77265,             0.58449,              0.6251,             0.44007,            0.012921,           0.0047956,           0.0056557,          0.00053746,          0.00053746,          0.00053746
                 257,            0.011087,           0.0039344,           0.0025048,             0.76387,             0.58964,              0.6251,             0.43989,             0.01292,            0.004797,           0.0056544,          0.00053084,          0.00053084,          0.00053084
                 258,            0.011205,           0.0039904,           0.0024703,             0.76389,             0.58973,             0.62517,             0.44012,            0.012919,           0.0047975,           0.0056525,          0.00052435,          0.00052435,          0.00052435
                 259,            0.011229,           0.0040522,           0.0025541,             0.76272,             0.59001,             0.62496,             0.44036,            0.012919,           0.0047976,           0.0056508,            0.000518,            0.000518,            0.000518
                 260,            0.011371,           0.0040553,           0.0024763,             0.77128,             0.58482,             0.62517,             0.44068,            0.012918,           0.0047985,           0.0056504,           0.0005118,           0.0005118,           0.0005118
                 261,            0.011125,             0.00401,           0.0023965,             0.77613,             0.58257,             0.62494,             0.44055,            0.012916,           0.0047993,           0.0056482,          0.00050573,          0.00050573,          0.00050573
                 262,             0.01118,           0.0040503,           0.0025162,             0.77218,             0.58479,             0.62535,             0.44095,            0.012914,           0.0047995,           0.0056461,           0.0004998,           0.0004998,           0.0004998
                 263,            0.011034,           0.0039446,           0.0024476,             0.77179,             0.58492,             0.62506,             0.44098,            0.012913,           0.0048001,           0.0056458,          0.00049402,          0.00049402,          0.00049402
                 264,            0.011111,           0.0039845,           0.0023471,             0.77407,             0.58363,             0.62535,             0.44077,            0.012913,           0.0048006,           0.0056452,          0.00048837,          0.00048837,          0.00048837
                 265,            0.011097,           0.0039403,           0.0024324,             0.77361,             0.58437,             0.62528,             0.44128,            0.012912,           0.0048008,           0.0056468,          0.00048287,          0.00048287,          0.00048287
                 266,            0.011021,           0.0040278,           0.0023883,             0.75847,             0.59401,             0.62521,             0.44056,            0.012912,           0.0048012,           0.0056467,          0.00047752,          0.00047752,          0.00047752
                 267,            0.011223,           0.0040584,           0.0025216,             0.75877,             0.59385,             0.62543,              0.4407,             0.01291,           0.0048012,           0.0056448,          0.00047231,          0.00047231,          0.00047231
                 268,            0.011198,           0.0039366,           0.0024367,             0.75952,             0.59364,             0.62553,             0.44083,            0.012909,            0.004801,           0.0056439,          0.00046724,          0.00046724,          0.00046724
                 269,            0.011095,           0.0038809,           0.0024068,             0.75949,             0.59345,             0.62609,             0.44131,            0.012908,           0.0048016,           0.0056432,          0.00046232,          0.00046232,          0.00046232
                 270,            0.011156,           0.0040147,           0.0024776,             0.77389,             0.58381,             0.62616,             0.44104,            0.012908,           0.0048019,           0.0056436,          0.00045754,          0.00045754,          0.00045754
                 271,            0.011099,           0.0039951,            0.002398,             0.77597,             0.58274,              0.6262,             0.44109,            0.012908,           0.0048022,           0.0056423,          0.00045291,          0.00045291,          0.00045291
                 272,            0.011107,           0.0039981,           0.0023606,              0.7581,             0.59398,             0.62629,             0.44125,            0.012908,           0.0048025,           0.0056422,          0.00044843,          0.00044843,          0.00044843
                 273,            0.011093,           0.0039431,           0.0023966,             0.75776,             0.59413,             0.62628,             0.44106,            0.012908,           0.0048022,           0.0056414,          0.00044409,          0.00044409,          0.00044409
                 274,            0.010962,           0.0039592,           0.0023961,             0.77463,             0.58308,             0.62622,             0.44129,            0.012907,           0.0048029,           0.0056404,          0.00043991,          0.00043991,          0.00043991
                 275,            0.011256,           0.0039856,           0.0025915,             0.75746,             0.59517,             0.62655,             0.44144,            0.012906,            0.004804,           0.0056399,          0.00043587,          0.00043587,          0.00043587
                 276,            0.011136,           0.0039299,           0.0023512,             0.75696,             0.59549,             0.62678,              0.4421,            0.012904,           0.0048035,           0.0056375,          0.00043198,          0.00043198,          0.00043198
                 277,            0.011027,           0.0039714,           0.0023444,             0.75687,             0.59524,             0.62721,             0.44201,            0.012903,           0.0048041,           0.0056365,          0.00042823,          0.00042823,          0.00042823
                 278,            0.011009,           0.0039011,            0.002341,             0.75733,             0.59483,             0.62792,             0.44271,            0.012903,            0.004805,           0.0056348,          0.00042464,          0.00042464,          0.00042464
                 279,            0.011047,           0.0039559,           0.0023825,             0.77523,             0.58391,             0.62849,             0.44283,            0.012902,           0.0048049,           0.0056334,           0.0004212,           0.0004212,           0.0004212
                 280,            0.011073,           0.0039771,           0.0024161,             0.77442,             0.58425,             0.62922,             0.44358,            0.012902,           0.0048049,           0.0056315,          0.00041791,          0.00041791,          0.00041791
                 281,            0.011056,           0.0039358,           0.0024508,             0.77479,              0.5843,             0.62908,             0.44346,            0.012903,           0.0048043,           0.0056291,          0.00041477,          0.00041477,          0.00041477
                 282,             0.01091,           0.0039177,           0.0024078,             0.77488,              0.5845,              0.6292,             0.44333,            0.012903,           0.0048047,           0.0056276,          0.00041178,          0.00041178,          0.00041178
                 283,            0.010988,           0.0039191,           0.0023516,             0.77424,             0.58468,             0.62922,              0.4435,            0.012904,           0.0048052,           0.0056264,          0.00040894,          0.00040894,          0.00040894
                 284,            0.010882,           0.0039319,           0.0022233,             0.77396,              0.5847,             0.63044,             0.44434,            0.012904,           0.0048049,           0.0056266,          0.00040625,          0.00040625,          0.00040625
                 285,            0.011037,           0.0039423,           0.0023252,             0.75826,             0.59572,             0.63006,             0.44369,            0.012905,           0.0048054,           0.0056265,          0.00040372,          0.00040372,          0.00040372
                 286,            0.011046,           0.0039589,           0.0023797,             0.75751,             0.59626,             0.63015,             0.44384,            0.012906,           0.0048059,            0.005626,          0.00040133,          0.00040133,          0.00040133
                 287,            0.010929,           0.0039462,           0.0023046,             0.75809,             0.59635,             0.63042,             0.44392,            0.012907,           0.0048061,           0.0056256,           0.0003991,           0.0003991,           0.0003991
                 288,            0.011035,           0.0039677,           0.0023356,             0.75829,             0.59662,             0.63022,             0.44396,            0.012908,           0.0048065,           0.0056265,          0.00039703,          0.00039703,          0.00039703
                 289,            0.010929,           0.0038878,           0.0023728,             0.76814,             0.58961,             0.63042,               0.444,            0.012909,           0.0048068,           0.0056276,           0.0003951,           0.0003951,           0.0003951
                 290,            0.011005,           0.0038861,           0.0022978,             0.76839,             0.59068,             0.63024,             0.44415,             0.01291,           0.0048075,           0.0056282,          0.00039333,          0.00039333,          0.00039333
                 291,            0.011088,           0.0040616,           0.0023561,             0.76558,             0.59442,             0.63054,              0.4441,             0.01291,           0.0048083,           0.0056303,          0.00039171,          0.00039171,          0.00039171
                 292,            0.010992,           0.0039585,           0.0023764,             0.76579,             0.59438,             0.63111,             0.44492,             0.01291,           0.0048087,           0.0056321,          0.00039025,          0.00039025,          0.00039025
                 293,            0.010953,           0.0039887,           0.0023163,             0.77104,             0.58979,             0.63211,             0.44564,            0.012912,           0.0048088,           0.0056328,          0.00038894,          0.00038894,          0.00038894
                 294,             0.01098,           0.0039311,            0.002321,             0.77088,             0.58987,             0.63218,             0.44616,            0.012913,           0.0048094,           0.0056342,          0.00038778,          0.00038778,          0.00038778
                 295,            0.010855,           0.0039189,           0.0022528,             0.77137,             0.58953,             0.63222,             0.44582,            0.012914,           0.0048103,           0.0056338,          0.00038678,          0.00038678,          0.00038678
                 296,            0.010889,           0.0038895,            0.002298,             0.76684,             0.59328,             0.63238,             0.44582,            0.012916,           0.0048106,           0.0056343,          0.00038593,          0.00038593,          0.00038593
                 297,            0.011004,            0.003874,           0.0023862,             0.76507,             0.59478,             0.63257,             0.44567,            0.012916,           0.0048104,           0.0056342,          0.00038524,          0.00038524,          0.00038524
                 298,            0.011035,           0.0039325,           0.0024076,             0.76554,             0.59451,             0.63252,             0.44589,            0.012919,           0.0048115,           0.0056342,          0.00038469,          0.00038469,          0.00038469
                 299,            0.010801,           0.0039651,           0.0022082,              0.7657,             0.59445,             0.63248,             0.44603,             0.01292,           0.0048119,           0.0056336,          0.00038431,          0.00038431,          0.00038431
